GN,Enzyme,start_cleavage_site,end_cleavage_site,average_cleavage_score,length_of_peptide,peptide,How many other protein has this peptide:,peptide_proteins_domains:
COL1A1, elastase-2  and  cathepsin K ,1134,1138,0.925,4,ASGP,12,COL7A1( );HSPG2( );COL1A2( );COL2A1( );VCAN( );COL4A4( );TLN1( );GPC2( );FLNA( );FLNB( );CRIP2( );HGFAC( )
COL1A1, granzyme B ({Homo sapiens}-type)  and  cathepsin K ,116,120,0.9,4,DTGP,8,COL7A1( );COL5A2( );COL18A1( );COL3A1( );COL6A5(Collagen-like 2);COL4A1( );COL4A5( );ADAMTSL5( )
COL1A1, cathepsin G  and  cathepsin G ,1326,1330,0.96,4,FGES,3,COL3A1( );LAMA2( );DYNC1H1( )
COL1A1, cathepsin G  and  matrix metallopeptidase-9 ,2,6,0.91,4,FSFV,1,TLR9(LRR 18)
COL1A1, cathepsin G  and  cathepsin K ,1113,1117,1.045,4,FSGL,9,FBN2( );VCAN( );COL4A6( );BGN( );EEF2( );FLNA( );PLEC( );SERPINA6( );SERPINA7( )
COL1A1, cathepsin K  and  cathepsin K ,1327,1331,1.015,4,GESM,1,COL3A1( )
COL1A1, elastase-2  and  cathepsin K ,1245,1249,1.025,4,IRSP,1,COL2A1( )
COL1A1, cathepsin G  and  matrix metallopeptidase-2 ,1000,1004,0.965,4,MGPP,13,COL1A2( );COL5A1( );COL4A4( );COL12A1( );COL4A1( );COL4A3( );COL4A5( );COL4A2( );COL16A1( );COLQ( );COL15A1( );COL17A1( );C1QC( )
COL1A1, cathepsin K  and  matrix metallopeptidase-9 ,583,587,1.0,4,PGPK,24,COL7A1( );COL1A2( );COL2A1( );COL5A2( );COL18A1( );COL3A1( );COL5A1( );COL6A3( );COL6A5( );COL4A4( );COL4A1( );COL4A3( );COL4A5( );COL4A6( );COL14A1( );COL6A1( );COL4A2( );COL16A1( );COL6A2( );PCOLCE( );COL17A1( );C1QB( );C1QC( );PRLR( )
COL1A1, cathepsin K  and  matrix metallopeptidase-2 ,583,587,0.91,4,PGPK,24,COL7A1( );COL1A2( );COL2A1( );COL5A2( );COL18A1( );COL3A1( );COL5A1( );COL6A3( );COL6A5( );COL4A4( );COL4A1( );COL4A3( );COL4A5( );COL4A6( );COL14A1( );COL6A1( );COL4A2( );COL16A1( );COL6A2( );PCOLCE( );COL17A1( );C1QB( );C1QC( );PRLR( )
COL1A1, cathepsin K  and  cathepsin K ,1120,1124,0.905,4,PGPP,30,TNXB(Fibronectin type-III 16);COL7A1( );COL1A2( );COL2A1( );COL5A2( );LTBP2( );COL18A1( );COL3A1( );COL5A1( );PRELP( );COL6A5( );COL4A4( );COL12A1( );COL4A1( );COL4A3( );COL4A5( );COL4A6( );COL14A1( );COL6A1( );COL4A2( );COL16A1( );COL6A6( );EMILIN1( );COL6A2( );COLQ( );COL15A1( );COL17A1( );ITIH4( );LGALS3( );FGFR4( )
COL1A1, cathepsin K  and  matrix metallopeptidase-2 ,886,890,0.915,4,PGPS,21,COL7A1( );HSPG2( );COL1A2( );COL2A1( );COL5A2( );LTBP2( );COL18A1( );COL3A1( );COL5A1( );COL12A1( );COL4A1( );COL4A3( );COL4A5( );COL4A6( );COL4A2( );COL16A1( );EMILIN1( );COL6A2( );COLQ( );COL17A1( );EPHB4( )
COL1A1, matrix metallopeptidase-3  and  cathepsin K ,1444,1448,0.935,4,PLDV,5,FN1( );VWF(VWFA 3; main binding site for collagens);THBS3( );PLEC( );IL19( )
COL1A1, matrix metallopeptidase-7  and  cathepsin K ,1444,1448,0.98,4,PLDV,5,FN1( );VWF(VWFA 3; main binding site for collagens);THBS3( );PLEC( );IL19( )
COL1A1, cathepsin K  and  cathepsin K ,1202,1206,0.94,4,PQPP,13,FN1( );FBN2( );VCAN( );COL3A1( );VTN( );PDCD6IP( );HNRNPU( );DYNC1H1( );GPC1( );PLSCR1( );GLG1(Poly-Gln);ADAMTSL5( );EGFR( )
COL1A1, cathepsin K  and  cathepsin K ,202,206,1.215,4,QGPP,32,COL7A1( );HSPG2( );COL1A2( );COL2A1( );COL5A2( );COL18A1( );COL3A1( );COL5A1( );COL4A4( );COL12A1( );COL4A1( );COL4A3( );COL4A5( );COL4A6( );COL14A1( );COL6A1( );COL4A2( );COL16A1( );COL6A6( );EMILIN1( );COLQ( );COL15A1( );COL17A1( );CSPG4( );PDCD6IP( );CDSN( );PLSCR1( );CD109( );IGHA1( );IGHA2( );P3H1( );HRG( )
COL1A1, cathepsin K  and  matrix metallopeptidase-3 ,1246,1250,0.96,4,RSPE,9,COL2A1( );UCN( );PI16( );GHR( );ADM( );SERPINC1( );ANGPT1( );A2ML1( );PLAUR( )
COL1A1, cathepsin K  and  matrix metallopeptidase-9 ,184,188,0.97,4,SGPR,15,FRAS1( );HSPG2( );EFEMP1( );COL2A1( );COL3A1( );COL6A3(Collagen-like 4);COL12A1(Fibronectin type-III 13);COL4A1( );CSPG4( );TTR( );MMP8( );NUCB1( );IDE( );MUC4( );ADM2( )
COL1A1, matrix metallopeptidase-9  and  cathepsin K ,579,583,0.945,4,VMGF,2,COL2A1( );COL3A1( )
COL1A1, elastase-2  and  cathepsin K ,456,460,1.0,4,VQGP,17,HSPG2( );LAMA5( );LAMA3( );LAMB2( );COL5A2( );COL5A1( );COL4A5( );COL4A6( );COL14A1(Collagen-like 4);COL4A2( );COL16A1( );COL17A1( );FLNA( );PLEC( );CDSN( );IGHA1( );IGHA2( )
