GN,Enzyme,start_cleavage_site,end_cleavage_site,average_cleavage_score,length_of_peptide,peptide,peptide_proteins_domains
ARF4, cathepsin K  and  cathepsin K ,144,149,1.005,5,GLQSL,ARF4( )
ARF4, cathepsin K  and  cathepsin K ,137,144,0.895,7,SEMTDKL,ARF4( )
ARF4, matrix metallopeptidase-2  and  cathepsin K ,138,144,0.875,6,EMTDKL,ARF4( )
ARF4, cathepsin K  and  matrix metallopeptidase-2 ,144,147,0.87,3,GLQ,HMCN2( );FRAS1( );TNXB( );FN1( );COL7A1( );LAMC2( );VWF( );HSPG2( );LAMA5( );LTBP2( );LAMB2( );COL1A2( );COL1A1( );COL2A1( );MFAP4( );COL5A2( );THBS3( );COL3A1( );COL5A1( );MFGE8( );COL6A5( );COL4A4( );COL4A1( );FBLN1( );COL4A3( );NID1( );COL4A5( );LAMA2( );COL4A6( );COL14A1( );COL6A1( );COL4A2( );COL16A1( );BGN( );COL6A6( );LAMB3( );EMILIN1( );COL15A1(Laminin G-like);COL17A1( );HSPD1( );APOA4(11);SERPINF1( );CKAP4( );CDH1( );VCL( );TLN1( );CCT6A( );CSPG4( );LBP( );ITIH2( );SERPINF2( );ARF4( );SOGA1( );DPP7( );PGLYRP2( );SERPINA12( );NAMPT( );CALR( );C3( );FLNA( );PYCARD( );CPQ( );GANAB( );TUBA4A( );MMP28( );MMP11( );MMP14( );PROCR( );ACE( );HNRNPK( );SLTM( );ITIH1( );GSN( );APOB( );FLNB( );CP( );RARRES2( );C4B( );C4A( );MUC4( );TEK( );ACPP( );SPINT1( );PRKDC( );ADAMTS17( );TG( );NGFR( );TLR9( );F2( );EGFR( );VEGFC( );CD59( )
ARF4, matrix metallopeptidase-9  and  cathepsin K ,138,144,0.92,6,EMTDKL,ARF4( )
ARF4, cathepsin K  and  matrix metallopeptidase-7 ,144,147,0.875,3,GLQ,HMCN2( );FRAS1( );TNXB( );FN1( );COL7A1( );LAMC2( );VWF( );HSPG2( );LAMA5( );LTBP2( );LAMB2( );COL1A2( );COL1A1( );COL2A1( );MFAP4( );COL5A2( );THBS3( );COL3A1( );COL5A1( );MFGE8( );COL6A5( );COL4A4( );COL4A1( );FBLN1( );COL4A3( );NID1( );COL4A5( );LAMA2( );COL4A6( );COL14A1( );COL6A1( );COL4A2( );COL16A1( );BGN( );COL6A6( );LAMB3( );EMILIN1( );COL15A1(Laminin G-like);COL17A1( );HSPD1( );APOA4(11);SERPINF1( );CKAP4( );CDH1( );VCL( );TLN1( );CCT6A( );CSPG4( );LBP( );ITIH2( );SERPINF2( );ARF4( );SOGA1( );DPP7( );PGLYRP2( );SERPINA12( );NAMPT( );CALR( );C3( );FLNA( );PYCARD( );CPQ( );GANAB( );TUBA4A( );MMP28( );MMP11( );MMP14( );PROCR( );ACE( );HNRNPK( );SLTM( );ITIH1( );GSN( );APOB( );FLNB( );CP( );RARRES2( );C4B( );C4A( );MUC4( );TEK( );ACPP( );SPINT1( );PRKDC( );ADAMTS17( );TG( );NGFR( );TLR9( );F2( );EGFR( );VEGFC( );CD59( )
ARF4, granzyme B ({Homo sapiens}-type)  and  cathepsin K ,141,144,0.89,3,DKL,LAMA3( );LAMB2( );FBN1( );LAMC1( );COL18A1( );POSTN(FAS1 4);TGFBI( );COL6A5( );LAMA2( );COL6A6( );LAMA4( );KRTDAP( );APOC1( );APOA4( );HYOU1( );ATP5B( );MYH9( );SERPINB5( );DAG1( );CCT2( );KITLG( );LBP( );SHH( );EEF2( );SERPINF2( );HSPH1( );GPC2( );P4HB( );ARF4( );HPSE( );DYNC1H1( );VWA8( );AGT( );IL1B( );SBSN( );SERPINA12( );ATP5A1( );PLEC(Plectin 24);COPA( );PYCARD( );PRDX4( );SERPINB2( );KARS( );LRPAP1( );ACTN2( );CLTC( );ACTN4( );IDE( );PPY( );TXN( );IGLV3-1( );MMP9( );TNFSF15( );APOB( );LIF( );HPR( );TLL1( );HBB( );FGFR2(Protein kinase);NRP1( );CCL27( );F2( );ALB( );HP( );FOLR2( );CFH( )
ARF4, cathepsin K  and  cathepsin K ,83,86,0.94,3,QNT,COL7A1( );FBN2( );LAMA3( );FBLN2( );FBN1( );DMBT1( );FBLN1( );LAMA2( );COL14A1( );CSPG4( );ITIH3( );PZP( );HNRNPU( );ARF4( );DYNC1H1( );SOGA1( );VWA8( );FLNA( );CPE( );DMKN( );A2M( );IDE( );SERPINA1( );ACE2( );C5( );ACE( );SLTM( );ANGPT2( );GLG1( );FLNB( );MMP2( );C4B( );C4A( );PRKDC( );TF( );RNASE3( );NGFR( );LTF( );RNASE2( );TNFRSF1A( );PSAP( )
ARF4, cathepsin K  and  matrix metallopeptidase-2 ,83,87,0.9199999999999999,4,QNTQ,CSPG4( );ARF4( );DYNC1H1( );A2M( )
ARF4, cathepsin K  and  matrix metallopeptidase-9 ,83,87,0.915,4,QNTQ,CSPG4( );ARF4( );DYNC1H1( );A2M( )
ARF4, cathepsin K  and  matrix metallopeptidase-3 ,83,87,0.845,4,QNTQ,CSPG4( );ARF4( );DYNC1H1( );A2M( )
ARF4, cathepsin K  and  cathepsin G ,83,90,0.9450000000000001,7,QNTQGLI,ARF4( )
ARF4, cathepsin K  and  cathepsin K ,146,149,0.975,3,QSL,HMCN2( );TNXB( );FN1( );COL7A1( );LAMC2( );VWF( );HSPG2( );LTBP4(TB 3);LAMA5( );LAMA3( );COL1A2( );COL6A3( );DPT( );DMBT1( );LAMB1( );COL4A6( );COL14A1( );COL4A2( );LAMB3( );EMILIN1( );LAMA4( );COL15A1( );FGG( );COL17A1( );SERPINF1( );CKAP4( );VCL( );TLN1( );PDCD6IP( );SERPINF2( );PZP( );ARF4( );DYNC1H1( );SOGA1( );VWA8( );DSG1( );CXCL9( );IGLL5( );C3( );PLEC( );CPE( );IGKV2D-40( );A2M( );ACTN2( );CLTC( );IGKV2D-28( );MMP28( );MMP14( );NECTIN1( );IGKV2-30( );F2R( );HNRNPK( );MMP10( );APOB( );MMP2( );LEPROT( );TNFSF10( );NPC2( );TSLP( );KNG1( );IL17C( );AFM( );PRKDC( );KLK11( );ADAMTS17( );TG( );NGFR( );CD5L( );TIMP1( );CFB( );SPINK5( );WFDC5( );TNFRSF1A( );PLAUR( )
ARF4, cathepsin K  and  cathepsin G ,149,154,0.995,5,RNRTW,ARF4( )
ARF4, granzyme B ({Homo sapiens}-type)  and  cathepsin K ,141,146,0.86,5,DKLGL,ARF4( );HPSE( );MMP9( )
ARF4, cathepsin K  and  elastase-2 ,40,43,0.88,3,GEI,TNC( );VWF( );LAMA5( );ABI3BP( );COL1A2( );COL18A1( );VCAN( );COL5A1( );COL6A3( );COL4A1( );COL4A3( );LAMA2( );COL14A1( );COL4A2( );COL16A1( );COL6A6( );LAMB3( );COL6A2( );COL15A1( );VWA5B1( );AIMP1( );VCL( );CLCA4( );CSPG4( );HSD17B11( );CCT2( );LBP( );P4HB( );ARF4( );DYNC1H1( );MAP2K2( );DSG1( );FLNA( );IGKV3-15( );MMP8( );APCS( );CTSG(Peptidase S1);IDE( );ITIH5( );PPY( );WDR1(WD 2);ACE2( );C5( );CMA1(Peptidase S1);HNRNPK( );CD109( );APOB( );GLG1( );FLNB( );CTSD( );NCAM1( );MMP2( );LEPROT( );C9( );KNG1( );ST14( );IGKV3-20( );TGFB1( );TLL1( );KLKB1( );C4BPA( );NELL2( );CD55( );NTF3( );NRP1( );C1S( );CFH( )
ARF4, matrix metallopeptidase-9  and  cathepsin K ,2,9,0.825,7,GLTISSL,ARF4( )
ARF4, elastase-2  and  cathepsin K ,4,9,0.8049999999999999,5,TISSL,HYOU1( );ARF4( );IGKV1-33( );IGKV1-17( );IGKV3-15( );IGKV1-5( );IGKV4-1( );IGKV1D-33( );IGKV1-39( )
ARF4, cathepsin K  and  matrix metallopeptidase-9 ,86,91,0.855,5,QGLIF,ARF4( )
ARF4, cathepsin K  and  granzyme B ({Homo sapiens}-type) ,86,93,0.89,7,QGLIFVV,ARF4( )
ARF4, cathepsin K  and  cathepsin G ,86,90,0.905,4,QGLI,TNXB( );TLN1( );ARF4( );GHR( );LEPROT( );PRKDC( )
ARF4, cathepsin K  and  granzyme B ({Homo sapiens}-type) ,167,171,0.785,4,YEGL,LAMA5( );ARF4( );APOB( );IL13RA2( )
ARF4, elastase-2  and  cathepsin K ,164,167,0.785,3,TGL,HMCN2( );TNXB( );FN1( );TNC( );COL7A1( );FBN2( );VWF( );COMP( );MATN2( );LGI3(LRR 1);LAMA5( );LTBP2( );LAMB2( );FBLN2( );COL1A1( );COL2A1( );FBN1( );COL5A2( );VCAN( );FMOD(LRR 2);PRELP( );COL4A4( );COL12A1( );COL4A1( );LAMB1( );COL4A3( );NID1( );COL4A5( );LAMA2( );COL4A6( );COL14A1( );COL16A1( );COL6A6( );LAMB3( );LRG1( );COL15A1( );CDH1( );ATP5B( );MYH9( );NENF( );VCL( );SDC1( );ITIH4( );SERPINB5( );CSPG4( );TNXA( );ITIH3( );EEF2( );SERPINF2( );ARF4( );DYNC1H1( );VWA8( );IL6( );DPP7( );SERPINI1( );C3( );FLNA( );PLEC(Plectin 5);CD14( );SERPINB2( );NUCB1( );CPQ( );LEP( );FGFR3( );TUBA4A( );ERAP1( );NUCB2( );ADM( );SLTM( );APOB( );FLNB( );PKM( );CP( );IGHA1( );IGHA2( );MUC4( );AZGP1( );PROS1( );CTSK( );SPINT1( );IL13RA2( );IL20( );PRKDC( );KLK11( );PAPPA( );TF( );TPSD1( );TG( );NGFR( );TLR9( );APOH( );LTF( );CD55( );EGFR( );TIMP3( );HGF( );PLAUR( );DEFB1( )
ARF4, cathepsin K  and  cathepsin G ,167,173,0.865,6,YEGLDW,ARF4( )
ARF4, cathepsin K  and  cathepsin K ,132,137,0.745,5,NAMAI,ARF4( )
ARF4, matrix metallopeptidase-9  and  cathepsin K ,133,137,0.92,4,AMAI,ARF4( );MAP2K2( )
ARF4, matrix metallopeptidase-3  and  cathepsin K ,133,137,0.745,4,AMAI,ARF4( );MAP2K2( )
ARF4, matrix metallopeptidase-7  and  cathepsin K ,133,137,0.7949999999999999,4,AMAI,ARF4( );MAP2K2( )
ARF4, cathepsin K  and  granzyme B ({Homo sapiens}-type) ,137,141,0.755,4,SEMT,ARF4( );ADH7( )
ARF4, cathepsin K  and  matrix metallopeptidase-2 ,132,138,0.725,6,NAMAIS,ARF4( )
ARF4, cathepsin K  and  matrix metallopeptidase-9 ,132,138,0.77,6,NAMAIS,ARF4( )
ARF4, cathepsin K  and  matrix metallopeptidase-9 ,132,135,0.725,3,NAM,VWF( );EFEMP1( );COL6A5( );LAMA2( );COL6A6( );ARF4( );PON1( );SERPINA3( );PPT1( );WNT5A( );RNASE2( )
ARF4, cathepsin K  and  matrix metallopeptidase-3 ,132,135,0.865,3,NAM,VWF( );EFEMP1( );COL6A5( );LAMA2( );COL6A6( );ARF4( );PON1( );SERPINA3( );PPT1( );WNT5A( );RNASE2( )
ARF4, cathepsin K  and  matrix metallopeptidase-7 ,132,135,0.855,3,NAM,VWF( );EFEMP1( );COL6A5( );LAMA2( );COL6A6( );ARF4( );PON1( );SERPINA3( );PPT1( );WNT5A( );RNASE2( )
ARF4, cathepsin K  and  elastase-2 ,132,136,0.845,4,NAMA,ARF4( )
ARF4, matrix metallopeptidase-2  and  matrix metallopeptidase-2 ,7,11,0.955,4,SLFS,VTN( );DCN( );COL17A1( );TNF(Cytoplasmic);ITIH2( );ARF4( );DYNC1H1( );SOGA1( );APCS( );PRKDC( );PLG( )
ARF4, matrix metallopeptidase-9  and  matrix metallopeptidase-2 ,2,7,0.97,5,GLTIS,ARF4( )
ARF4, elastase-2  and  matrix metallopeptidase-2 ,4,7,0.95,3,TIS,HMCN2( );FRAS1( );TNXB( );FN1( );TNC( );MATN2( );AEBP1( );LAMA3( );COL18A1( );VCAN( );FBLN5( );COL6A3( );COL6A5( );COL4A4( );FBLN1( );LAMA2( );COL14A1( );LAMA4( );LAD1( );EMCN( );HSPD1( );HYOU1( );MYH9( );VCL( );TLN1( );TNF( );CSPG4( );ENDOD1( );TFRC( );HSPH1( );GBP1( );PZP( );IL18( );ARF4( );DYNC1H1( );VWA8( );IGKV1-33( );IGLV3-21( );IGLV1-47( );PLEC( );OLFML3( );CPE( );IGKV1-17( );IGKV3-15( );SERPINA6( );FKBP1A( );IGKV1-5( );IGHV3-7( );IGKV4-1( );ALCAM( );IGHM( );C5( );IGHV3-13( );IGLV3-1( );ORM1( );SLTM( );CREG1( );IGHG4( );APOB( );FLNB( );OLFML1( );IGHG1( );SERPINC1( );NCAM1( );LEPROT( );TNFSF10( );C4B( );C4A( );TSLP( );MUC4( );PROS1( );KLK14( );IGHG2( );IGKV3-20( );PTN( );FGF7( );IGHG3( );A2ML1( );IGKV1D-33( );IGKV1-39( );PAPPA( );KLKB1( );TG( );IGHV3-23( );APOH( );CD55( );CFHR2( );PRSS1( );LOX( );VEGFC( )
ARF4, cathepsin G  and  matrix metallopeptidase-2 ,1,7,0.96,6,MGLTIS,ARF4( )
ARF4, matrix metallopeptidase-2  and  matrix metallopeptidase-9 ,87,91,0.835,4,GLIF,LAMA5( );SDC1( );ARF4( );MELTF( )
ARF4, matrix metallopeptidase-2  and  granzyme B ({Homo sapiens}-type) ,87,93,0.87,6,GLIFVV,ARF4( )
ARF4, matrix metallopeptidase-2  and  cathepsin G ,87,90,0.885,3,GLI,ECM1( );FRAS1( );TNXB( );ADIPOQ( );TNC( );COL7A1( );FBN2( );ASPN( );LAMA5( );AEBP1( );FGA( );THBS2( );COL5A1( );COL6A3( );COL4A4( );COL4A1( );LAMB1( );COL4A5( );LAMA2( );COL4A6( );COL4A2( );LAMA4( );COL17A1( );HIST1H4A( );MYH9( );SDC1( );TLN1( );CLCA4( );ITIH3( );ITIH2( );ARF4( );C1QB( );DYNC1H1( );DSC2( );MAP2K2( );VWA8( );SERPIND1( );EFTUD2( );FLNA( );PLEC( );GPI( );OLFML3( );FGF3( );SERPINA7( );ACTN4( );ERAP1( );GHR( );AHSG( );SLTM( );LCN1( );ITIH1( );MELTF( );PKM( );CPA3( );CP( );LEPROT( );C4B( );C4A( );HPR( );PRKDC( );TLL1( );CXADR(Helical);ADAMTS17( );TG( );GRP( );TLR9( );NELL2( );NRP1( );C1S( );HP( );TIMP3( );HGF( )
ARF4, matrix metallopeptidase-2  and  elastase-2 ,115,120,0.78,5,ELRDA,ARF4( )
ARF4, cathepsin G  and  matrix metallopeptidase-2 ,112,115,0.885,3,LVD,TNXB( );COL7A1( );VWF( );HSPG2( );SRPX( );LAMA5( );COL1A2( );FGA( );THBS1( );VCAN( );COL5A1( );COL6A3( );KERA(LRR 5);COL6A5( );COL12A1( );LAMA2( );COL14A1( );COL6A1( );COL6A6( );LAMA4( );CTHRC1( );COL15A1( );SRGN( );HADHA( );MYH9( );VCL( );ITIH4( );CHGA( );CCT6A( );TNFSF12( );TNXA( );ENDOD1( );ITIH3( );CCT2( );PZP( );ARF4( );HPSE( );CANX( );MAP2K2( );EFTUD2( );FLNA( );PLEC( );GPI( );CASP14( );TUBB( );CPQ( );TUBB4B( );A2M( );ACTN2( );SERPINA7( );ACTN4( );SERPINA1( );ITIH5( );PON1( );SERPING1( );CTSV( );TNFSF15( );ACE( );ITIH1( );APOB( );GLG1( );FLNB( );CTSD( );SERPINC1( );LEPROT( );CTSL( );PROS1( );CTSK( );PRF1( );KLK10( );PRKDC( );A2ML1( );CD163( );PGF( );ADAMTS17( );PSAPL1( );IL4R( );CFI( );NRP1( );IGF1( );IGF2-AS( );PYY( );VEGFA( )
ARF4, matrix metallopeptidase-9  and  matrix metallopeptidase-2 ,133,138,0.9,5,AMAIS,ARF4( )
ARF4, matrix metallopeptidase-9  and  matrix metallopeptidase-2 ,135,138,0.72,3,AIS,HMCN2( );ASPN( );AEBP1( );LAMA3( );LTBP2( );LAMC1( );THBS2( );NID1( );COL6A1( );COL6A6( );COL15A1( );CDH1( );HADHA( );TLN1( );ITIH4( );LBP( );SHH( );EEF2( );CAPZA1( );GBP1( );EIF4A1( );CAPZA2( );ARF4( );CANX( );DYNC1H1( );SFN( );DSG1( );SERPINI1( );EPO( );IGLV1-47( );CPE( );RNPEP( );CLTC( );ERAP1( );ALCAM( );WDR1( );SERPING1( );C5( );SLC25A6(Helical; Name=1);SLTM( );ITIH1( );MMP10( );SLC25A5( );CD109( );APOB( );CST4( );C9( );MUC4( );PROS1( );SEMA3A( );PRKDC( );TLL1( );PAPPA( );TG( );FLT1( );IGHV3-23( );NELL2( );FGFR2( );NRP1( );IL25( );CTSB( );RETN( )
ARF4, matrix metallopeptidase-3  and  matrix metallopeptidase-2 ,135,138,0.86,3,AIS,HMCN2( );ASPN( );AEBP1( );LAMA3( );LTBP2( );LAMC1( );THBS2( );NID1( );COL6A1( );COL6A6( );COL15A1( );CDH1( );HADHA( );TLN1( );ITIH4( );LBP( );SHH( );EEF2( );CAPZA1( );GBP1( );EIF4A1( );CAPZA2( );ARF4( );CANX( );DYNC1H1( );SFN( );DSG1( );SERPINI1( );EPO( );IGLV1-47( );CPE( );RNPEP( );CLTC( );ERAP1( );ALCAM( );WDR1( );SERPING1( );C5( );SLC25A6(Helical; Name=1);SLTM( );ITIH1( );MMP10( );SLC25A5( );CD109( );APOB( );CST4( );C9( );MUC4( );PROS1( );SEMA3A( );PRKDC( );TLL1( );PAPPA( );TG( );FLT1( );IGHV3-23( );NELL2( );FGFR2( );NRP1( );IL25( );CTSB( );RETN( )
ARF4, matrix metallopeptidase-3  and  matrix metallopeptidase-2 ,133,138,0.725,5,AMAIS,ARF4( )
ARF4, matrix metallopeptidase-7  and  matrix metallopeptidase-2 ,135,138,0.85,3,AIS,HMCN2( );ASPN( );AEBP1( );LAMA3( );LTBP2( );LAMC1( );THBS2( );NID1( );COL6A1( );COL6A6( );COL15A1( );CDH1( );HADHA( );TLN1( );ITIH4( );LBP( );SHH( );EEF2( );CAPZA1( );GBP1( );EIF4A1( );CAPZA2( );ARF4( );CANX( );DYNC1H1( );SFN( );DSG1( );SERPINI1( );EPO( );IGLV1-47( );CPE( );RNPEP( );CLTC( );ERAP1( );ALCAM( );WDR1( );SERPING1( );C5( );SLC25A6(Helical; Name=1);SLTM( );ITIH1( );MMP10( );SLC25A5( );CD109( );APOB( );CST4( );C9( );MUC4( );PROS1( );SEMA3A( );PRKDC( );TLL1( );PAPPA( );TG( );FLT1( );IGHV3-23( );NELL2( );FGFR2( );NRP1( );IL25( );CTSB( );RETN( )
ARF4, matrix metallopeptidase-7  and  matrix metallopeptidase-2 ,133,138,0.7749999999999999,5,AMAIS,ARF4( )
ARF4, matrix metallopeptidase-2  and  granzyme B ({Homo sapiens}-type) ,138,141,0.735,3,EMT,FN1( );MATN2( );AEBP1( );LAMA3( );VCAN( );COL12A1( );LAMB1( );LAMA2( );COL14A1( );HYOU1( );PZP( );P4HB( );ARF4( );DYNC1H1( );ADH7( );SERPIND1( );SERPINA6( );A2M( );IGHG4( );GLG1( );MUC4( );TEK( );IGHG2( );SEMA3A( );PRKDC( );CXADR( );IGHG3( )
ARF4, matrix metallopeptidase-9  and  matrix metallopeptidase-2 ,7,11,0.7849999999999999,4,SLFS,VTN( );DCN( );COL17A1( );TNF(Cytoplasmic);ITIH2( );ARF4( );DYNC1H1( );SOGA1( );APCS( );PRKDC( );PLG( )
ARF4, elastase-2  and  matrix metallopeptidase-2 ,4,11,0.715,7,TISSLFS,ARF4( )
ARF4, granzyme B ({Homo sapiens}-type)  and  matrix metallopeptidase-2 ,141,147,0.73,6,DKLGLQ,ARF4( )
ARF4, matrix metallopeptidase-2  and  cathepsin G ,147,154,0.86,7,SLRNRTW,ARF4( )
ARF4, matrix metallopeptidase-9  and  matrix metallopeptidase-9 ,133,138,0.9450000000000001,5,AMAIS,ARF4( )
ARF4, matrix metallopeptidase-9  and  elastase-2 ,133,136,1.02,3,AMA,HSPG2( );AEBP1( );VTN( );COL6A5( );COL6A6( );VWA5B1( );HSPD1( );HYOU1( );VCL( );CCT6A( );KITLG( );ARF4( );DYNC1H1( );ADH7( );SFN( );MAP2K2( );ALDOA( );HNRNPA2B1( );PLEC( );OLFML3( );MYDGF( );RAC1( );GSN( );PKM( );C4B( );C4A( );POTEKP( );RBP4( );SST( );LTF( )
ARF4, matrix metallopeptidase-9  and  granzyme B ({Homo sapiens}-type) ,20,26,0.965,6,ILMVGL,ARF4( )
ARF4, matrix metallopeptidase-9  and  elastase-2 ,20,23,1.095,3,ILM,EEF2( );ARF4( );GGH( );PPY( );ACE2( );CD109( );IL1RL1( );C9( );NPC2( );CTSK( );PRKDC( );TLR9( );WNT5A( );CFB( )
ARF4, matrix metallopeptidase-9  and  elastase-2 ,115,120,0.8200000000000001,5,ELRDA,ARF4( )
ARF4, cathepsin G  and  matrix metallopeptidase-9 ,112,115,0.925,3,LVD,TNXB( );COL7A1( );VWF( );HSPG2( );SRPX( );LAMA5( );COL1A2( );FGA( );THBS1( );VCAN( );COL5A1( );COL6A3( );KERA(LRR 5);COL6A5( );COL12A1( );LAMA2( );COL14A1( );COL6A1( );COL6A6( );LAMA4( );CTHRC1( );COL15A1( );SRGN( );HADHA( );MYH9( );VCL( );ITIH4( );CHGA( );CCT6A( );TNFSF12( );TNXA( );ENDOD1( );ITIH3( );CCT2( );PZP( );ARF4( );HPSE( );CANX( );MAP2K2( );EFTUD2( );FLNA( );PLEC( );GPI( );CASP14( );TUBB( );CPQ( );TUBB4B( );A2M( );ACTN2( );SERPINA7( );ACTN4( );SERPINA1( );ITIH5( );PON1( );SERPING1( );CTSV( );TNFSF15( );ACE( );ITIH1( );APOB( );GLG1( );FLNB( );CTSD( );SERPINC1( );LEPROT( );CTSL( );PROS1( );CTSK( );PRF1( );KLK10( );PRKDC( );A2ML1( );CD163( );PGF( );ADAMTS17( );PSAPL1( );IL4R( );CFI( );NRP1( );IGF1( );IGF2-AS( );PYY( );VEGFA( )
ARF4, matrix metallopeptidase-9  and  cathepsin G ,106,112,0.915,6,ELQKML,ARF4( )
ARF4, matrix metallopeptidase-9  and  matrix metallopeptidase-9 ,87,91,0.8300000000000001,4,GLIF,LAMA5( );SDC1( );ARF4( );MELTF( )
ARF4, matrix metallopeptidase-9  and  granzyme B ({Homo sapiens}-type) ,87,93,0.865,6,GLIFVV,ARF4( )
ARF4, matrix metallopeptidase-9  and  cathepsin G ,87,90,0.88,3,GLI,ECM1( );FRAS1( );TNXB( );ADIPOQ( );TNC( );COL7A1( );FBN2( );ASPN( );LAMA5( );AEBP1( );FGA( );THBS2( );COL5A1( );COL6A3( );COL4A4( );COL4A1( );LAMB1( );COL4A5( );LAMA2( );COL4A6( );COL4A2( );LAMA4( );COL17A1( );HIST1H4A( );MYH9( );SDC1( );TLN1( );CLCA4( );ITIH3( );ITIH2( );ARF4( );C1QB( );DYNC1H1( );DSC2( );MAP2K2( );VWA8( );SERPIND1( );EFTUD2( );FLNA( );PLEC( );GPI( );OLFML3( );FGF3( );SERPINA7( );ACTN4( );ERAP1( );GHR( );AHSG( );SLTM( );LCN1( );ITIH1( );MELTF( );PKM( );CPA3( );CP( );LEPROT( );C4B( );C4A( );HPR( );PRKDC( );TLL1( );CXADR(Helical);ADAMTS17( );TG( );GRP( );TLR9( );NELL2( );NRP1( );C1S( );HP( );TIMP3( );HGF( )
ARF4, matrix metallopeptidase-9  and  matrix metallopeptidase-9 ,2,7,0.8,5,GLTIS,ARF4( )
ARF4, elastase-2  and  matrix metallopeptidase-9 ,4,7,0.78,3,TIS,HMCN2( );FRAS1( );TNXB( );FN1( );TNC( );MATN2( );AEBP1( );LAMA3( );COL18A1( );VCAN( );FBLN5( );COL6A3( );COL6A5( );COL4A4( );FBLN1( );LAMA2( );COL14A1( );LAMA4( );LAD1( );EMCN( );HSPD1( );HYOU1( );MYH9( );VCL( );TLN1( );TNF( );CSPG4( );ENDOD1( );TFRC( );HSPH1( );GBP1( );PZP( );IL18( );ARF4( );DYNC1H1( );VWA8( );IGKV1-33( );IGLV3-21( );IGLV1-47( );PLEC( );OLFML3( );CPE( );IGKV1-17( );IGKV3-15( );SERPINA6( );FKBP1A( );IGKV1-5( );IGHV3-7( );IGKV4-1( );ALCAM( );IGHM( );C5( );IGHV3-13( );IGLV3-1( );ORM1( );SLTM( );CREG1( );IGHG4( );APOB( );FLNB( );OLFML1( );IGHG1( );SERPINC1( );NCAM1( );LEPROT( );TNFSF10( );C4B( );C4A( );TSLP( );MUC4( );PROS1( );KLK14( );IGHG2( );IGKV3-20( );PTN( );FGF7( );IGHG3( );A2ML1( );IGKV1D-33( );IGKV1-39( );PAPPA( );KLKB1( );TG( );IGHV3-23( );APOH( );CD55( );CFHR2( );PRSS1( );LOX( );VEGFC( )
ARF4, cathepsin G  and  matrix metallopeptidase-9 ,1,7,0.79,6,MGLTIS,ARF4( )
ARF4, matrix metallopeptidase-9  and  matrix metallopeptidase-9 ,135,138,0.765,3,AIS,HMCN2( );ASPN( );AEBP1( );LAMA3( );LTBP2( );LAMC1( );THBS2( );NID1( );COL6A1( );COL6A6( );COL15A1( );CDH1( );HADHA( );TLN1( );ITIH4( );LBP( );SHH( );EEF2( );CAPZA1( );GBP1( );EIF4A1( );CAPZA2( );ARF4( );CANX( );DYNC1H1( );SFN( );DSG1( );SERPINI1( );EPO( );IGLV1-47( );CPE( );RNPEP( );CLTC( );ERAP1( );ALCAM( );WDR1( );SERPING1( );C5( );SLC25A6(Helical; Name=1);SLTM( );ITIH1( );MMP10( );SLC25A5( );CD109( );APOB( );CST4( );C9( );MUC4( );PROS1( );SEMA3A( );PRKDC( );TLL1( );PAPPA( );TG( );FLT1( );IGHV3-23( );NELL2( );FGFR2( );NRP1( );IL25( );CTSB( );RETN( )
ARF4, matrix metallopeptidase-3  and  matrix metallopeptidase-9 ,135,138,0.905,3,AIS,HMCN2( );ASPN( );AEBP1( );LAMA3( );LTBP2( );LAMC1( );THBS2( );NID1( );COL6A1( );COL6A6( );COL15A1( );CDH1( );HADHA( );TLN1( );ITIH4( );LBP( );SHH( );EEF2( );CAPZA1( );GBP1( );EIF4A1( );CAPZA2( );ARF4( );CANX( );DYNC1H1( );SFN( );DSG1( );SERPINI1( );EPO( );IGLV1-47( );CPE( );RNPEP( );CLTC( );ERAP1( );ALCAM( );WDR1( );SERPING1( );C5( );SLC25A6(Helical; Name=1);SLTM( );ITIH1( );MMP10( );SLC25A5( );CD109( );APOB( );CST4( );C9( );MUC4( );PROS1( );SEMA3A( );PRKDC( );TLL1( );PAPPA( );TG( );FLT1( );IGHV3-23( );NELL2( );FGFR2( );NRP1( );IL25( );CTSB( );RETN( )
ARF4, matrix metallopeptidase-3  and  matrix metallopeptidase-9 ,133,138,0.77,5,AMAIS,ARF4( )
ARF4, matrix metallopeptidase-7  and  matrix metallopeptidase-9 ,135,138,0.895,3,AIS,HMCN2( );ASPN( );AEBP1( );LAMA3( );LTBP2( );LAMC1( );THBS2( );NID1( );COL6A1( );COL6A6( );COL15A1( );CDH1( );HADHA( );TLN1( );ITIH4( );LBP( );SHH( );EEF2( );CAPZA1( );GBP1( );EIF4A1( );CAPZA2( );ARF4( );CANX( );DYNC1H1( );SFN( );DSG1( );SERPINI1( );EPO( );IGLV1-47( );CPE( );RNPEP( );CLTC( );ERAP1( );ALCAM( );WDR1( );SERPING1( );C5( );SLC25A6(Helical; Name=1);SLTM( );ITIH1( );MMP10( );SLC25A5( );CD109( );APOB( );CST4( );C9( );MUC4( );PROS1( );SEMA3A( );PRKDC( );TLL1( );PAPPA( );TG( );FLT1( );IGHV3-23( );NELL2( );FGFR2( );NRP1( );IL25( );CTSB( );RETN( )
ARF4, matrix metallopeptidase-7  and  matrix metallopeptidase-9 ,133,138,0.8200000000000001,5,AMAIS,ARF4( )
ARF4, matrix metallopeptidase-9  and  granzyme B ({Homo sapiens}-type) ,138,141,0.78,3,EMT,FN1( );MATN2( );AEBP1( );LAMA3( );VCAN( );COL12A1( );LAMB1( );LAMA2( );COL14A1( );HYOU1( );PZP( );P4HB( );ARF4( );DYNC1H1( );ADH7( );SERPIND1( );SERPINA6( );A2M( );IGHG4( );GLG1( );MUC4( );TEK( );IGHG2( );SEMA3A( );PRKDC( );CXADR( );IGHG3( )
ARF4, matrix metallopeptidase-3  and  matrix metallopeptidase-9 ,87,91,0.76,4,GLIF,LAMA5( );SDC1( );ARF4( );MELTF( )
ARF4, matrix metallopeptidase-9  and  granzyme B ({Homo sapiens}-type) ,135,141,0.735,6,AISEMT,ARF4( )
ARF4, matrix metallopeptidase-3  and  granzyme B ({Homo sapiens}-type) ,135,141,0.875,6,AISEMT,ARF4( )
ARF4, matrix metallopeptidase-3  and  elastase-2 ,115,120,0.78,5,ELRDA,ARF4( )
ARF4, cathepsin G  and  matrix metallopeptidase-3 ,112,115,0.885,3,LVD,TNXB( );COL7A1( );VWF( );HSPG2( );SRPX( );LAMA5( );COL1A2( );FGA( );THBS1( );VCAN( );COL5A1( );COL6A3( );KERA(LRR 5);COL6A5( );COL12A1( );LAMA2( );COL14A1( );COL6A1( );COL6A6( );LAMA4( );CTHRC1( );COL15A1( );SRGN( );HADHA( );MYH9( );VCL( );ITIH4( );CHGA( );CCT6A( );TNFSF12( );TNXA( );ENDOD1( );ITIH3( );CCT2( );PZP( );ARF4( );HPSE( );CANX( );MAP2K2( );EFTUD2( );FLNA( );PLEC( );GPI( );CASP14( );TUBB( );CPQ( );TUBB4B( );A2M( );ACTN2( );SERPINA7( );ACTN4( );SERPINA1( );ITIH5( );PON1( );SERPING1( );CTSV( );TNFSF15( );ACE( );ITIH1( );APOB( );GLG1( );FLNB( );CTSD( );SERPINC1( );LEPROT( );CTSL( );PROS1( );CTSK( );PRF1( );KLK10( );PRKDC( );A2ML1( );CD163( );PGF( );ADAMTS17( );PSAPL1( );IL4R( );CFI( );NRP1( );IGF1( );IGF2-AS( );PYY( );VEGFA( )
ARF4, matrix metallopeptidase-3  and  elastase-2 ,133,136,0.845,3,AMA,HSPG2( );AEBP1( );VTN( );COL6A5( );COL6A6( );VWA5B1( );HSPD1( );HYOU1( );VCL( );CCT6A( );KITLG( );ARF4( );DYNC1H1( );ADH7( );SFN( );MAP2K2( );ALDOA( );HNRNPA2B1( );PLEC( );OLFML3( );MYDGF( );RAC1( );GSN( );PKM( );C4B( );C4A( );POTEKP( );RBP4( );SST( );LTF( )
ARF4, matrix metallopeptidase-3  and  granzyme B ({Homo sapiens}-type) ,87,93,0.7949999999999999,6,GLIFVV,ARF4( )
ARF4, matrix metallopeptidase-3  and  cathepsin G ,87,90,0.81,3,GLI,ECM1( );FRAS1( );TNXB( );ADIPOQ( );TNC( );COL7A1( );FBN2( );ASPN( );LAMA5( );AEBP1( );FGA( );THBS2( );COL5A1( );COL6A3( );COL4A4( );COL4A1( );LAMB1( );COL4A5( );LAMA2( );COL4A6( );COL4A2( );LAMA4( );COL17A1( );HIST1H4A( );MYH9( );SDC1( );TLN1( );CLCA4( );ITIH3( );ITIH2( );ARF4( );C1QB( );DYNC1H1( );DSC2( );MAP2K2( );VWA8( );SERPIND1( );EFTUD2( );FLNA( );PLEC( );GPI( );OLFML3( );FGF3( );SERPINA7( );ACTN4( );ERAP1( );GHR( );AHSG( );SLTM( );LCN1( );ITIH1( );MELTF( );PKM( );CPA3( );CP( );LEPROT( );C4B( );C4A( );HPR( );PRKDC( );TLL1( );CXADR(Helical);ADAMTS17( );TG( );GRP( );TLR9( );NELL2( );NRP1( );C1S( );HP( );TIMP3( );HGF( )
ARF4, matrix metallopeptidase-7  and  granzyme B ({Homo sapiens}-type) ,135,141,0.865,6,AISEMT,ARF4( )
ARF4, matrix metallopeptidase-7  and  elastase-2 ,115,120,0.7849999999999999,5,ELRDA,ARF4( )
ARF4, cathepsin G  and  matrix metallopeptidase-7 ,112,115,0.89,3,LVD,TNXB( );COL7A1( );VWF( );HSPG2( );SRPX( );LAMA5( );COL1A2( );FGA( );THBS1( );VCAN( );COL5A1( );COL6A3( );KERA(LRR 5);COL6A5( );COL12A1( );LAMA2( );COL14A1( );COL6A1( );COL6A6( );LAMA4( );CTHRC1( );COL15A1( );SRGN( );HADHA( );MYH9( );VCL( );ITIH4( );CHGA( );CCT6A( );TNFSF12( );TNXA( );ENDOD1( );ITIH3( );CCT2( );PZP( );ARF4( );HPSE( );CANX( );MAP2K2( );EFTUD2( );FLNA( );PLEC( );GPI( );CASP14( );TUBB( );CPQ( );TUBB4B( );A2M( );ACTN2( );SERPINA7( );ACTN4( );SERPINA1( );ITIH5( );PON1( );SERPING1( );CTSV( );TNFSF15( );ACE( );ITIH1( );APOB( );GLG1( );FLNB( );CTSD( );SERPINC1( );LEPROT( );CTSL( );PROS1( );CTSK( );PRF1( );KLK10( );PRKDC( );A2ML1( );CD163( );PGF( );ADAMTS17( );PSAPL1( );IL4R( );CFI( );NRP1( );IGF1( );IGF2-AS( );PYY( );VEGFA( )
ARF4, matrix metallopeptidase-7  and  elastase-2 ,133,136,0.895,3,AMA,HSPG2( );AEBP1( );VTN( );COL6A5( );COL6A6( );VWA5B1( );HSPD1( );HYOU1( );VCL( );CCT6A( );KITLG( );ARF4( );DYNC1H1( );ADH7( );SFN( );MAP2K2( );ALDOA( );HNRNPA2B1( );PLEC( );OLFML3( );MYDGF( );RAC1( );GSN( );PKM( );C4B( );C4A( );POTEKP( );RBP4( );SST( );LTF( )
ARF4, granzyme B ({Homo sapiens}-type)  and  matrix metallopeptidase-7 ,26,29,0.88,3,DAA,HMCN2( );VWF( );HSPG2( );ELN( );LAMA5( );LAMA3( );LTBP2( );LAMB2( );FBLN2( );LAMC1( );VCAN( );COL5A1( );COL6A3( );VTN( );DCN( );COL6A5( );COL6A6(VWFA 9);LAMB3( );EMILIN1( );FGG( );VWA5B1( );HSPA5( );HSPD1( );RPL22( );HSPA8( );VCL( );TLN1( );LGALS7( );HSPH1( );ARF4( );DYNC1H1( );ADH7( );DSC2( );VWA8( );PFKP( );EFTUD2( );SERPINI1( );EPO( );HNRNPA2B1( );ATP5A1( );PLEC( );RNPEP( );MMP8( );NUCB1( );SOD3( );HMGB1( );CLTC( );TUBA4A( );ERAP1( );SERPINA1( );MMP28( );PIP( );MMP11( );MMP19( );TXN( );MMP14( );CFD( );HLA-C( );ADM( );MMP1( );CREG1( );MMP10( );GSN( );SLC25A5(Helical; Name=1);MMP2( );KNG1( );TEK( );LOXL1( );PRF1( );MANF( );CD163( );PAPPA( );HPX( );ADAMTS17( );FLT1( );TIMP1( );KLK6( );EFNA1( );FGFR2( );GDNF( );SPINK5( );BDNF( )
ARF4, elastase-2  and  matrix metallopeptidase-7 ,23,29,1.01,6,VGLDAA,ARF4( )
ARF4, matrix metallopeptidase-7  and  cathepsin G ,106,112,0.845,6,ELQKML,ARF4( )
ARF4, granzyme B ({Homo sapiens}-type)  and  matrix metallopeptidase-7 ,171,176,0.755,5,DWLSN,ARF4( )
ARF4, cathepsin G  and  matrix metallopeptidase-7 ,173,176,0.835,3,LSN,HMCN2( );FRAS1( );LAMA5( );AEBP1( );LTBP2( );THBS4( );THBS1( );THBS2( );VCAN( );TGFBI(FAS1 1);LAMB1( );NID1( );COL16A1( );LRG1( );LAMA4( );COL15A1( );COL17A1( );APOA4( );ATP5O( );MYH9( );SERPINB5( );CSPG4( );RPL9( );PDCD6IP( );KITLG( );ITIH2(VWFA);P4HB( );ARF4( );DYNC1H1( );SOGA1( );AGT( );SBSN( );C3( );COPA( );CD8A( );IL1A( );SERPINA7( );TUBA4A( );ACTN4( );SERPING1( );ACTN1( );CLU( );CHGB( );GHR( );ACE( );ITIH1( );APOB( );ILK( );NCAM1( );LIF( );TNFSF10( );MUC4( );PROS1( );GBA( );TGFB1( );PRKDC( );A2ML1( );CD8B( );KLKB1( );TG( );FLT1( );EGFR( );LOX( );TIMP3( );LYNX1( )
ARF4, granzyme B ({Homo sapiens}-type)  and  matrix metallopeptidase-7 ,141,147,0.735,6,DKLGLQ,ARF4( )
ARF4, matrix metallopeptidase-7  and  cathepsin G ,147,154,0.865,7,SLRNRTW,ARF4( )
ARF4, granzyme B ({Homo sapiens}-type)  and  elastase-2 ,114,120,0.87,6,DELRDA,ARF4( )
ARF4, elastase-2  and  granzyme B ({Homo sapiens}-type) ,23,26,1.1,3,VGL,HMCN2( );FRAS1( );TNXB( );ADIPOQ( );FN1( );COL7A1( );COMP( );HSPG2( );ELN( );MATN2( );LAMA5( );SPON1( );LAMA3( );LTBP2( );COL1A2( );COL1A1( );COL2A1( );FBN1( );COL5A2( );COL18A1( );THBS2( );POSTN( );COL5A1( );COL6A3( );COL6A5( );COL4A4( );COL12A1(Fibronectin type-III 16);COL4A1( );COL4A5( );LAMA2( );COL4A6( );COL4A2( );COL16A1( );COL6A6( );COL17A1( );VWA5B1( );EMCN(Helical);HSPD1( );H3F3A( );HADHA( );HIST2H3A;( );SDC1( );SDCBP( );DAG1( );LBP( );EEF2( );HSPH1( );GBP1( );ARF4( );DYNC1H1( );ADH7( );SOGA1( );HIST1H3A( );ATP5A1( );COPA( );KDR( );GANAB( );SERPINA7( );ERAP1( );SERPINA4( );ALCAM( );MMP28( );ACE2( );MMP14( );CLU( );CHGB( );C2( );ACE( );FLNB( );CPA3( );NCAM1( );C4B( );C4A( );TSLP( );PRF1( );HBEGF( );PRKDC( );TLL1( );LCN2( );A2ML1( );ADAMTS17( );TG( );NGFR( );TAC1( );IL4R( );TLR9( );PLAU( );INHBA( )
ARF4, cathepsin G  and  granzyme B ({Homo sapiens}-type) ,90,93,0.895,3,FVV,HMCN2(Ig-like C2-type 29);FRAS1( );TNXB( );FN1( );VWF( );CTGF( );LAMA3( );COL6A3( );COL6A5( );COL12A1( );COL6A1( );PCOLCE( );COLQ( );HYOU1( );C1QBP( );CDH1( );MYH9( );CCT6A( );CLCA4( );TNXA( );HSD17B11( );ITIH3( );KITLG( );EEF2( );SERPINF2( );HSPH1( );RPN1( );ARF4( );PGLYRP2( );FLNA( );CASP14( );GLIPR2( );ITIH5( );SERPINE1( );MMP28( );F2R( );FLNB( );ILK( );CP( );MUC4(Helical);ST14( );IL13RA2( );C7( );TLR9( );SFRP5( )
ARF4, elastase-2  and  granzyme B ({Homo sapiens}-type) ,164,171,0.77,7,TGLYEGL,ARF4( )
ARF4, cathepsin G  and  granzyme B ({Homo sapiens}-type) ,166,171,0.745,5,LYEGL,ARF4( )
ARF4, elastase-2  and  granzyme B ({Homo sapiens}-type) ,136,141,0.855,5,ISEMT,ARF4( )
ARF4, cathepsin G  and  elastase-2 ,116,120,0.725,4,LRDA,LAMC2( );HSPA8( );APOE(5);ARF4( );COPA( );IGHA1( );IGHA2( );IL10( )
ARF4, elastase-2  and  cathepsin G ,120,124,0.715,4,VLLL,ADIPOQ( );VWF( );COMP( );HSPG2( );ELN( );ASPN( );LTBP4( );LAMA5( );THBS4( );COL6A5( );COL4A3( );LAMA2( );COL6A2( );SERPINF1( );CLCA4( );CSPG4( );CAMP( );SERPINF2( );PZP( );APOA2( );ARF4( );HSPA9( );DPP7( );IGLV3-21( );PLEC( );CD8A( );A2M( );MMP14( );AHSG( );NCAM1( );CTSK( );GBA( );A2ML1( );FGFR4( );CD163( );ADAMTS17( );ANG( );PLG( );EFNA1( );CCL20( );TNFRSF18( );ALB( );LOX( );CD59( );PLAT( )
ARF4, cathepsin G  and  elastase-2 ,1,4,0.72,3,MGL,COL7A1( );VWF( );COL1A2( );COL5A2( );THBS1( );COL5A1( );COL4A4( );COL4A1( );LAMB1( );COL4A5( );COL4A6( );COL4A2( );LAMA4( );COLQ( );COL15A1( );HADHA( );MYH9( );CLCA4( );SDCBP( );TFRC( );PZP( );ARF4( );DYNC1H1( );MAP2K2( );PYCARD( );FGF3( );A2M( );PON1( );PTGDS( );C5( );NECTIN1( );APOB( );SERPINC1( );MMP2( );C4B( );C4A( );CD209( );AZGP1( );IL4( );TLL1( );TF( );ANG( );LTF( );CD55( );CCL26( );ESR2( );TNFRSF1A( );LYNX1( )
ARF4, cathepsin G  and  cathepsin G ,166,173,0.825,7,LYEGLDW,ARF4( )
ARF4, cathepsin G  and  cathepsin G ,112,116,0.8300000000000001,4,LVDE,COL7A1( );VCAN( );COL6A5( );LAMA2( );LAMA4( );SRGN( );HADHA( );VCL( );CCT6A( );ITIH3( );ARF4( );HPSE( );ITIH1( );NRP1( )
