GN,Enzyme,start_cleavage_site,end_cleavage_site,average_cleavage_score,length_of_peptide,peptide,peptide_proteins_domains
CSTA, cathepsin K  and  cathepsin K ,4,7,0.97,3,GGL,HMCN2( );TNXB( );NOV( );TNC( );COL7A1( );VWF( );ELN( );LAMA5( );LAMB2( );COL2A1( );LTBP2( );COL18A1( );VCAN( );COL3A1( );COL5A1( );COL6A3( );MFGE8( );DCN( );LAMB1( );FBLN1( );COL4A5( );LAMA2( );COL6A1( );COL6A6( );LAMB3( );EMILIN1( );COL6A2( );PCOLCE( );COL17A1( );DCD( );HYOU1( );HADHA( );YBX1( );SDC1( );TLN1( );ITIH4( );CSPG4( );PDCD6IP( );ENDOD1( );DAG1( );PMEL( );CSTA( );PRDX1( );CAPZA1( );HSPA9( );DYNC1H1( );ADH7( );DSG1( );PFKP( );NAMPT( );C3( );HNRNPA2B1( );FLNA( );PLEC( );CD14( );PRDX4( );DMKN( );CDSN( );IGHV3-7( );A2M( );CLTC( );PPY( );PTGDS( );MMP28( );C5( );IGHV3-13( );CTSV( );ITIH1( );MELTF( );CRTAP( );FLNB( );C9(Beta stranded);C4B( );C4A( );MUC4( );CTSL( );PROS1( );RAN( );PRKDC( );TLL1( );C7( );CD163( );ADAMTS17( );NGFR( );P3H1( );CD5L( );IGHV3-23( );FGFR1( );PRLR( );NRP1( );CFHR3( );CTSB( );HGFAC( );FST( );BDNF( );FOLR2( );PLAT( );CFH( )
CSTA, elastase-2  and  cathepsin K ,4,7,0.855,3,GGL,HMCN2( );TNXB( );NOV( );TNC( );COL7A1( );VWF( );ELN( );LAMA5( );LAMB2( );COL2A1( );LTBP2( );COL18A1( );VCAN( );COL3A1( );COL5A1( );COL6A3( );MFGE8( );DCN( );LAMB1( );FBLN1( );COL4A5( );LAMA2( );COL6A1( );COL6A6( );LAMB3( );EMILIN1( );COL6A2( );PCOLCE( );COL17A1( );DCD( );HYOU1( );HADHA( );YBX1( );SDC1( );TLN1( );ITIH4( );CSPG4( );PDCD6IP( );ENDOD1( );DAG1( );PMEL( );CSTA( );PRDX1( );CAPZA1( );HSPA9( );DYNC1H1( );ADH7( );DSG1( );PFKP( );NAMPT( );C3( );HNRNPA2B1( );FLNA( );PLEC( );CD14( );PRDX4( );DMKN( );CDSN( );IGHV3-7( );A2M( );CLTC( );PPY( );PTGDS( );MMP28( );C5( );IGHV3-13( );CTSV( );ITIH1( );MELTF( );CRTAP( );FLNB( );C9(Beta stranded);C4B( );C4A( );MUC4( );CTSL( );PROS1( );RAN( );PRKDC( );TLL1( );C7( );CD163( );ADAMTS17( );NGFR( );P3H1( );CD5L( );IGHV3-23( );FGFR1( );PRLR( );NRP1( );CFHR3( );CTSB( );HGFAC( );FST( );BDNF( );FOLR2( );PLAT( );CFH( )
CSTA, matrix metallopeptidase-2  and  cathepsin K ,79,83,0.8,4,DLVL,TNXB( );COL7A1( );VWF(VWFA 2);LAMC1( );LAMB3( );HSPA5( );PMEL( );CSTA( );CLTC( );ITIH1( );ANGPT2( );HGFAC( );ESR2( );HGF( )
CSTA, cathepsin K  and  granzyme B ({Homo sapiens}-type) ,83,88,0.81,5,TGYQV,CSTA( )
CSTA, cathepsin G  and  cathepsin K ,80,83,0.78,3,LVL,ECM1( );HMCN2( );FRAS1( );TNXB( );COL7A1( );LAMC2( );VWF(VWFA 2);HSPG2( );LTBP4( );LAMA5( );CTGF( );LAMA3( );LAMB2( );EFEMP1( );COL2A1( );LAMC1( );THBS4( );FGA( );EFEMP2( );COL18A1( );THBS2( );VCAN( );COL6A3( );TGFBI( );PRELP( );COL6A5( );COL4A4( );IGFBP3( );LAMB1( );COL4A3( );COL16A1( );BGN( );COL6A6( );LAMB3( );LRG1( );LAMA4( );SRGN( );KRTDAP( );HSPA5( );HSPD1( );SERPINF1( );C1QBP( );CKAP4( );ATP5B( );MYH9( );NENF( );TLN1( );CD34( );HSP90B1( );VIP( );ITIH4( );CCT6A( );CLCA4( );CSPG4( );CAMP( );HSD17B11( );DAG1( );SERPINA5( );PMEL( );SHH( );CSTA( );ITIH2( );SERPINF2( );RPL27( );RPN1( );GBP1( );PZP( );EIF4A1( );P4HB( );CANX( );DYNC1H1( );SOGA1( );VWA8( );IL6( );DSG1( );CXCL9( );PFKP( );PGLYRP2( );AGT( );SERPINI1( );C3( );PLEC( );COPA( );CALCA( );EPHB4( );PI16( );CD14( );SERPINA6( );KDR( );CPQ( );GANAB( );A2M( );SERPINA7( );CLTC( );ITIH5( );SERPINE1( );PIP( );SERPING1( );MMP14( );CFD( );CTSV( );NECTIN1( );MMP9( );SERPINA3( );TNFSF15( );PROCR(Helical);SLC25A6( );AHSG( );C2( );SLTM( );ITIH1( );MMP10( );ANGPT2( );SLC25A5( );APOB( );OLFML1( );SERPINC1( );LIF( );QPCT( );CD209( );TSLP( );ST14( );TEK( );PROS1( );GBA( );IL17C( );SPINT1( );RAN( );CD40( );IL33( );TGFB1( );CELA1( );IL10( );CD8B( );FGFR4(Protein kinase);AMBP( );HPX( );CASP4( );ADAMTS17( );TG( );FLT1( );GRP( );LYZ( );IL4R( );IL17A( );TLR9( );FGFR1(Protein kinase);LTF( );CD55( );PRLR( );NRP1( );GDNF( );WFDC12( );SFRP5( );CFB( );IGF2-AS( );CTSB( );HGFAC( );ALB( );ESR2( );HRG( );CXCL12( );TNFRSF1A( );INHBA( );PI3( );CD59( );HGF( )
CSTA, cathepsin K  and  cathepsin K ,71,75,0.77,4,KSLP,LAMA3( );CSTA( );DPP7( );PI16( );A1BG(Ig-like V-type 2);CRTAP( );PSAPL1(Saposin B-type 1);PSAP(Saposin B-type 1)
CSTA, cathepsin K  and  matrix metallopeptidase-2 ,75,79,0.79,4,GQNE,CSTA( );TLL1( )
CSTA, cathepsin K  and  cathepsin G ,75,80,0.77,5,GQNED,CSTA( )
CSTA, cathepsin K  and  matrix metallopeptidase-3 ,58,61,0.75,3,RAG,HMCN2( );TNXB( );TNC( );COL7A1( );LTBP4( );LGI3( );LAMA5( );LAMA3( );LAMB2( );COL1A2( );COL2A1( );FBN1( );LAMC1( );COL5A2( );EFEMP2( );COL18A1( );COL5A1( );COL6A3( );MFGE8( );DPT( );COL12A1( );IGFBP3( );COL4A1( );COL4A3( );LAMA2( );COL4A6( );COL6A1( );COL4A2( );COL16A1( );LAMB3( );UCN( );SERPINF1( );C1QBP( );SDC4( );MYH9( );NENF( );CD34( );CCT6A( );CSPG4( );TNFSF12( );TFRC( );CSTA( );EEF2( );HSPH1( );DYNC1H1( );SOGA1( );DSC2( );VWA8( );PGLYRP2( );ATP5A1( );FLNA( );PLEC( );EPHB4( );DMKN( );SOD3( );MMP28( );IGHV3-13( );NECTIN1( );CRTAP( );FLNB( );PKM( );RARRES2( );AZGP1( );C1R( );PRKDC( );PAPPA( );ADAMTS17( );TG( );PLG( );SFRP5( );RNASE7( );VEGFC( )
CSTA, granzyme B ({Homo sapiens}-type)  and  matrix metallopeptidase-7 ,88,94,0.79,6,DKNKDD,CSTA( )
